"TIER","STATE","STATE_FIPS","COUNTY","COUNTY_FIPS","POLLUTANT","POLLUTANT TYPE","EMISSIONS","UNIT OF MEASURE"
"Highway Vehicles","CT","09","Hartford","003","Carbon Monoxide","CAP","41849.5035471","TON"
"Highway Vehicles","CT","09","Fairfield","001","Carbon Monoxide","CAP","39833.4009737","TON"
"Off-Highway","CT","09","Fairfield","001","Carbon Monoxide","CAP","39300.846238416","TON"
"Highway Vehicles","CT","09","New Haven","009","Carbon Monoxide","CAP","36917.8408499","TON"
"Off-Highway","CT","09","Hartford","003","Carbon Monoxide","CAP","26889.93536302734","TON"
"Off-Highway","CT","09","New Haven","009","Carbon Monoxide","CAP","23102.1083817134","TON"
"Highway Vehicles","CT","09","New London","011","Carbon Monoxide","CAP","13339.7692442","TON"
"Natural Resources","CT","09","Litchfield","005","Volatile Organic Compounds","CAP","11091.02","TON"
"Natural Resources","CT","09","New London","011","Volatile Organic Compounds","CAP","10189.98","TON"
"Highway Vehicles","CT","09","Middlesex","007","Carbon Monoxide","CAP","8831.852366434","TON"
"Natural Resources","CT","09","Fairfield","001","Volatile Organic Compounds","CAP","8576.61","TON"
"Highway Vehicles","CT","09","Litchfield","005","Carbon Monoxide","CAP","8212.150584556","TON"
"Off-Highway","CT","09","Litchfield","005","Carbon Monoxide","CAP","8050.088915815","TON"
"Natural Resources","CT","09","Windham","015","Volatile Organic Compounds","CAP","7986.748","TON"
"Natural Resources","CT","09","New Haven","009","Volatile Organic Compounds","CAP","7943.322","TON"
"Natural Resources","CT","09","Hartford","003","Volatile Organic Compounds","CAP","7776.3","TON"
"Off-Highway","CT","09","New London","011","Carbon Monoxide","CAP","7701.09575985185","TON"
"Solvent Utilization","CT","09","Hartford","003","Volatile Organic Compounds","CAP","7293.554619567","TON"
"Natural Resources","CT","09","Middlesex","007","Volatile Organic Compounds","CAP","7053.324","TON"
"Highway Vehicles","CT","09","Tolland","013","Carbon Monoxide","CAP","7032.10382515","TON"
"Miscellaneous","CT","09","Tolland","013","PM10 Primary (Filt + Cond)","CAP","6562.45820995135","TON"
"Natural Resources","CT","09","Tolland","013","Volatile Organic Compounds","CAP","6342.593","TON"
"Fuel Comb. Other","CT","09","Hartford","003","Carbon Monoxide","CAP","6335.88235734","TON"
"Highway Vehicles","CT","09","Windham","015","Carbon Monoxide","CAP","6312.125841","TON"
"Off-Highway","CT","09","Middlesex","007","Carbon Monoxide","CAP","5901.660933658","TON"
"Solvent Utilization","CT","09","New Haven","009","Volatile Organic Compounds","CAP","5878.791267","TON"
"Solvent Utilization","CT","09","Fairfield","001","Volatile Organic Compounds","CAP","5853.620810209","TON"
"Fuel Comb. Other","CT","09","Fairfield","001","Carbon Monoxide","CAP","5796.60206045","TON"
"Fuel Comb. Other","CT","09","New Haven","009","Carbon Monoxide","CAP","5097.425033464","TON"
"Highway Vehicles","CT","09","Fairfield","001","Nitrogen Oxides","CAP","5012.4175307","TON"
"Highway Vehicles","CT","09","Hartford","003","Nitrogen Oxides","CAP","4983.18416741","TON"
"Highway Vehicles","CT","09","New Haven","009","Nitrogen Oxides","CAP","4747.03543522","TON"
"Highway Vehicles","CT","09","Fairfield","001","Volatile Organic Compounds","CAP","3813.70963739","TON"
"Highway Vehicles","CT","09","Hartford","003","Volatile Organic Compounds","CAP","3811.53666973","TON"
"Highway Vehicles","CT","09","New Haven","009","Volatile Organic Compounds","CAP","3398.83134223","TON"
"Fuel Comb. Other","CT","09","Litchfield","005","Carbon Monoxide","CAP","3397.58850635","TON"
"Off-Highway","CT","09","Windham","015","Carbon Monoxide","CAP","3216.095907048","TON"
"Fuel Comb. Other","CT","09","New London","011","Carbon Monoxide","CAP","3085.25234436","TON"
"Off-Highway","CT","09","Tolland","013","Carbon Monoxide","CAP","3056.551901575","TON"
"Off-Highway","CT","09","Fairfield","001","Nitrogen Oxides","CAP","2795.860658475","TON"
"Off-Highway","CT","09","Fairfield","001","Volatile Organic Compounds","CAP","2613.47081220781","TON"
"Off-Highway","CT","09","Multiple (portable facilities)","777","Lead","CAP/HAP","2527.092","LB"
"Solvent Utilization","CT","09","New London","011","Volatile Organic Compounds","CAP","2468.10429403","TON"
"Miscellaneous","CT","09","Fairfield","001","PM10 Primary (Filt + Cond)","CAP","2431.833920538","TON"
"Miscellaneous","CT","09","Hartford","003","PM10 Primary (Filt + Cond)","CAP","2400.7388424065","TON"
"Fuel Comb. Other","CT","09","Hartford","003","Nitrogen Oxides","CAP","2392.3211991","TON"
"Off-Highway","CT","09","Hartford","003","Nitrogen Oxides","CAP","2322.39067841913","TON"
"Fuel Comb. Other","CT","09","Fairfield","001","Nitrogen Oxides","CAP","2301.67325424","TON"
"Off-Highway","CT","09","New Haven","009","Nitrogen Oxides","CAP","2281.2038937788","TON"
"Fuel Comb. Other","CT","09","Tolland","013","Carbon Monoxide","CAP","2122.20981609","TON"
"Fuel Comb. Other","CT","09","Middlesex","007","Carbon Monoxide","CAP","2106.09556895","TON"
"Fuel Comb. Other","CT","09","New Haven","009","Nitrogen Oxides","CAP","2026.03251255","TON"
"Miscellaneous","CT","09","New London","011","PM10 Primary (Filt + Cond)","CAP","1871.5830790562","TON"
"Off-Highway","CT","09","New London","011","Nitrogen Oxides","CAP","1840.3947003529","TON"
"Fuel Comb. Other","CT","09","Windham","015","Carbon Monoxide","CAP","1805.772443768","TON"
"Highway Vehicles","CT","09","New London","011","Nitrogen Oxides","CAP","1769.300634422","TON"
"Off-Highway","CT","09","Hartford","003","Volatile Organic Compounds","CAP","1737.69695317708","TON"
"Miscellaneous","CT","09","New Haven","009","PM10 Primary (Filt + Cond)","CAP","1721.3191053024","TON"
"Off-Highway","CT","09","New Haven","009","Volatile Organic Compounds","CAP","1574.577978660373","TON"
"Miscellaneous","CT","09","Litchfield","005","PM10 Primary (Filt + Cond)","CAP","1414.32017406598","TON"
"Miscellaneous","CT","09","Tolland","013","PM2.5 Primary (Filt + Cond)","CAP","1277.53785240544","TON"
"Highway Vehicles","CT","09","New London","011","Volatile Organic Compounds","CAP","1227.755530837","TON"
"Natural Resources","CT","09","Litchfield","005","Carbon Monoxide","CAP","1195.477","TON"
"Highway Vehicles","CT","09","Middlesex","007","Nitrogen Oxides","CAP","1173.9545986512","TON"
"Solvent Utilization","CT","09","Litchfield","005","Volatile Organic Compounds","CAP","1148.93293429","TON"
"Waste Disposal & Recycling","CT","09","Fairfield","001","Nitrogen Oxides","CAP","1091.5499823","TON"
"Solvent Utilization","CT","09","Middlesex","007","Volatile Organic Compounds","CAP","1020.99460801","TON"
"Highway Vehicles","CT","09","Tolland","013","Nitrogen Oxides","CAP","944.049496501","TON"
"Miscellaneous","CT","09","Windham","015","PM10 Primary (Filt + Cond)","CAP","932.20719067065","TON"
"Natural Resources","CT","09","Hartford","003","Carbon Monoxide","CAP","931.6167","TON"
"Storage & Transport","CT","09","Fairfield","001","Volatile Organic Compounds","CAP","924.22307214","TON"
"Waste Disposal & Recycling","CT","09","Hartford","003","Nitrogen Oxides","CAP","919.6689105","TON"
"Highway Vehicles","CT","09","Litchfield","005","Nitrogen Oxides","CAP","913.93485038034","TON"
"Natural Resources","CT","09","New London","011","Carbon Monoxide","CAP","903.0566","TON"
"Natural Resources","CT","09","Fairfield","001","Carbon Monoxide","CAP","892.4632","TON"
"Off-Highway","CT","09","New London","011","Volatile Organic Compounds","CAP","883.75256322614","TON"
"Highway Vehicles","CT","09","Litchfield","005","Volatile Organic Compounds","CAP","876.29470274642","TON"
"Fuel Comb. Other","CT","09","Hartford","003","PM10 Primary (Filt + Cond)","CAP","868.584885956","TON"
"Fuel Comb. Other","CT","09","Hartford","003","Volatile Organic Compounds","CAP","866.9225619365","TON"
"Natural Resources","CT","09","New Haven","009","Carbon Monoxide","CAP","854.4061","TON"
"Fuel Comb. Other","CT","09","Hartford","003","PM2.5 Primary (Filt + Cond)","CAP","845.445486921","TON"
"Storage & Transport","CT","09","New Haven","009","Volatile Organic Compounds","CAP","836.86346249","TON"
"Off-Highway","CT","09","Litchfield","005","Volatile Organic Compounds","CAP","833.0990974183","TON"
"Solvent Utilization","CT","09","Tolland","013","Volatile Organic Compounds","CAP","811.2509929","TON"
"Highway Vehicles","CT","09","Middlesex","007","Volatile Organic Compounds","CAP","785.04956604543","TON"
"Fuel Comb. Other","CT","09","Fairfield","001","PM10 Primary (Filt + Cond)","CAP","783.7402305712375","TON"
"Solvent Utilization","CT","09","Windham","015","Volatile Organic Compounds","CAP","781.7789371","TON"
"Fuel Comb. Industrial","CT","09","Hartford","003","Nitrogen Oxides","CAP","776.452765818","TON"
"Highway Vehicles","CT","09","Windham","015","Nitrogen Oxides","CAP","766.8992186171","TON"
"Fuel Comb. Other","CT","09","Fairfield","001","PM2.5 Primary (Filt + Cond)","CAP","761.2113971702375","TON"
"Fuel Comb. Other","CT","09","Fairfield","001","Volatile Organic Compounds","CAP","756.9925522778","TON"
"Fuel Comb. Industrial","CT","09","Hartford","003","Carbon Monoxide","CAP","744.516065987","TON"
"Natural Resources","CT","09","Windham","015","Carbon Monoxide","CAP","738.3969","TON"
"Miscellaneous","CT","09","Middlesex","007","PM10 Primary (Filt + Cond)","CAP","719.59107554996","TON"
"Fuel Comb. Other","CT","09","New Haven","009","PM10 Primary (Filt + Cond)","CAP","694.3641037138","TON"
"Fuel Comb. Other","CT","09","New Haven","009","PM2.5 Primary (Filt + Cond)","CAP","674.7909349094","TON"
"Fuel Comb. Other","CT","09","New Haven","009","Volatile Organic Compounds","CAP","673.2992025068","TON"
"Highway Vehicles","CT","09","Tolland","013","Volatile Organic Compounds","CAP","665.438115368","TON"
"Fuel Comb. Other","CT","09","New London","011","Nitrogen Oxides","CAP","649.95345195","TON"
"Natural Resources","CT","09","Middlesex","007","Carbon Monoxide","CAP","645.8478","TON"
"Waste Disposal & Recycling","CT","09","New London","011","Nitrogen Oxides","CAP","634.5930915","TON"
"Fuel Comb. Other","CT","09","Middlesex","007","Nitrogen Oxides","CAP","631.19528314","TON"
"Other Industrial Processes","CT","09","Litchfield","005","PM10 Primary (Filt + Cond)","CAP","629.5177253925","TON"
"Natural Resources","CT","09","Tolland","013","Carbon Monoxide","CAP","624.2581","TON"
"Other Industrial Processes","CT","09","New Haven","009","PM10 Primary (Filt + Cond)","CAP","619.04005162199","TON"
"Highway Vehicles","CT","09","Windham","015","Volatile Organic Compounds","CAP","618.7975181926","TON"
"Miscellaneous","CT","09","Litchfield","005","Ammonia","CAP","616.2008899","TON"
"Other Industrial Processes","CT","09","Hartford","003","PM10 Primary (Filt + Cond)","CAP","608.8365732170971","TON"
"Waste Disposal & Recycling","CT","09","Hartford","003","Volatile Organic Compounds","CAP","604.714575663","TON"
"Other Industrial Processes","CT","09","Fairfield","001","PM10 Primary (Filt + Cond)","CAP","600.91722575","TON"
"Off-Highway","CT","09","Hartford","003","Lead","CAP/HAP","592.5821779293","LB"
"Fuel Comb. Industrial","CT","09","Fairfield","001","Nitrogen Oxides","CAP","567.19746187","TON"
"Storage & Transport","CT","09","Hartford","003","Volatile Organic Compounds","CAP","551.233513536","TON"
"Off-Highway","CT","09","Middlesex","007","Volatile Organic Compounds","CAP","535.7206943588","TON"
"Off-Highway","CT","09","Middlesex","007","Nitrogen Oxides","CAP","535.1450130248","TON"
"Miscellaneous","CT","09","Windham","015","Ammonia","CAP","533.442433","TON"
"Other Industrial Processes","CT","09","Fairfield","001","PM2.5 Primary (Filt + Cond)","CAP","516.42252125","TON"
"Fuel Comb. Industrial","CT","09","New Haven","009","Nitrogen Oxides","CAP","514.14370257","TON"
"Off-Highway","CT","09","Fairfield","001","Lead","CAP/HAP","509.01200820858","LB"
"Fuel Comb. Industrial","CT","09","Fairfield","001","Carbon Monoxide","CAP","491.316268518","TON"
"Off-Highway","CT","09","Litchfield","005","Nitrogen Oxides","CAP","489.1410963532","TON"
"Waste Disposal & Recycling","CT","09","Hartford","003","Carbon Monoxide","CAP","473.02032","TON"
"Fuel Comb. Other","CT","09","Litchfield","005","Volatile Organic Compounds","CAP","472.7909429917","TON"
"Fuel Comb. Industrial","CT","09","New Haven","009","Carbon Monoxide","CAP","472.1675445116","TON"
"Fuel Comb. Other","CT","09","Litchfield","005","PM10 Primary (Filt + Cond)","CAP","470.799869357","TON"
"Fuel Comb. Other","CT","09","Litchfield","005","PM2.5 Primary (Filt + Cond)","CAP","466.322187668","TON"
"Other Industrial Processes","CT","09","New Haven","009","PM2.5 Primary (Filt + Cond)","CAP","454.41049862199","TON"
"Other Industrial Processes","CT","09","Fairfield","001","Carbon Monoxide","CAP","438.12097","TON"
"Other Industrial Processes","CT","09","Hartford","003","PM2.5 Primary (Filt + Cond)","CAP","438.1161334170971","TON"
"Highway Vehicles","CT","09","Fairfield","001","PM10 Primary (Filt + Cond)","CAP","435.9499364","TON"
"Fuel Comb. Other","CT","09","Litchfield","005","Nitrogen Oxides","CAP","432.81064176","TON"
"Fuel Comb. Other","CT","09","New London","011","PM10 Primary (Filt + Cond)","CAP","430.822342392","TON"
"Off-Highway","CT","09","New Haven","009","Lead","CAP/HAP","423.877224652","LB"
"Fuel Comb. Other","CT","09","New London","011","PM2.5 Primary (Filt + Cond)","CAP","423.51296414254","TON"
"Fuel Comb. Other","CT","09","New London","011","Volatile Organic Compounds","CAP","421.522748693","TON"
"Miscellaneous","CT","09","Litchfield","005","Carbon Monoxide","CAP","420.28542635634","TON"
"Highway Vehicles","CT","09","Hartford","003","PM10 Primary (Filt + Cond)","CAP","418.640390839","TON"
"Other Industrial Processes","CT","09","Hartford","003","Carbon Monoxide","CAP","413.327172","TON"
"Miscellaneous","CT","09","New London","011","Ammonia","CAP","403.549024","TON"
"Other Industrial Processes","CT","09","New Haven","009","Carbon Monoxide","CAP","398.947894","TON"
"Miscellaneous","CT","09","Tolland","013","Ammonia","CAP","396.3770919","TON"
"Fuel Comb. Industrial","CT","09","Hartford","003","PM10 Primary (Filt + Cond)","CAP","385.390352542","TON"
"Miscellaneous","CT","09","Fairfield","001","PM2.5 Primary (Filt + Cond)","CAP","376.58869798483","TON"
"Highway Vehicles","CT","09","New Haven","009","PM10 Primary (Filt + Cond)","CAP","368.628707691","TON"
"Miscellaneous","CT","09","Hartford","003","PM2.5 Primary (Filt + Cond)","CAP","368.32217756624","TON"
"Fuel Comb. Other","CT","09","Tolland","013","Nitrogen Oxides","CAP","366.086992547","TON"
"Fuel Comb. Other","CT","09","Fairfield","001","Sulfur Dioxide","CAP","335.6903745915","TON"
"Fuel Comb. Industrial","CT","09","Hartford","003","PM2.5 Primary (Filt + Cond)","CAP","335.477744814","TON"
"Miscellaneous","CT","09","Windham","015","Carbon Monoxide","CAP","329.19857496352","TON"
"Off-Highway","CT","09","Windham","015","Volatile Organic Compounds","CAP","325.7034167832","TON"
"Fuel Comb. Elec. Util.","CT","09","Middlesex","007","Nitrogen Oxides","CAP","317.077495","TON"
"Fuel Comb. Elec. Util.","CT","09","Fairfield","001","Nitrogen Oxides","CAP","316.8917792","TON"
"Miscellaneous","CT","09","Hartford","003","Ammonia","CAP","314.3650681","TON"
"Fuel Comb. Other","CT","09","New Haven","009","Sulfur Dioxide","CAP","313.425721561296","TON"
"Fuel Comb. Other","CT","09","Tolland","013","PM10 Primary (Filt + Cond)","CAP","312.587714","TON"
"Fuel Comb. Other","CT","09","Tolland","013","PM2.5 Primary (Filt + Cond)","CAP","309.001260922","TON"
"Fuel Comb. Other","CT","09","Tolland","013","Volatile Organic Compounds","CAP","305.5507221085","TON"
"Fuel Comb. Other","CT","09","Hartford","003","Sulfur Dioxide","CAP","303.96595880992","TON"
"Fuel Comb. Other","CT","09","Middlesex","007","PM10 Primary (Filt + Cond)","CAP","302.112315718","TON"
"Fuel Comb. Other","CT","09","Middlesex","007","Volatile Organic Compounds","CAP","297.848447758","TON"
"Fuel Comb. Other","CT","09","Middlesex","007","PM2.5 Primary (Filt + Cond)","CAP","297.123879493","TON"
"Miscellaneous","CT","09","New Haven","009","Ammonia","CAP","294.24325791","TON"
"Off-Highway","CT","09","Fairfield","001","PM10 Primary (Filt + Cond)","CAP","281.36420260646","TON"
"Fuel Comb. Industrial","CT","09","Fairfield","001","PM10 Primary (Filt + Cond)","CAP","276.587936435","TON"
"Miscellaneous","CT","09","New London","011","PM2.5 Primary (Filt + Cond)","CAP","273.70294105052","TON"
"Miscellaneous","CT","09","New Haven","009","PM2.5 Primary (Filt + Cond)","CAP","270.74766454585","TON"
"Waste Disposal & Recycling","CT","09","Hartford","003","Ammonia","CAP","270.00207688","TON"
"Fuel Comb. Industrial","CT","09","Middlesex","007","Nitrogen Oxides","CAP","266.856944365","TON"
"Off-Highway","CT","09","Fairfield","001","PM2.5 Primary (Filt + Cond)","CAP","264.77519221695","TON"
"Fuel Comb. Industrial","CT","09","New London","011","Nitrogen Oxides","CAP","264.46976483","TON"
"Off-Highway","CT","09","Tolland","013","Nitrogen Oxides","CAP","250.8272146991","TON"
"Fuel Comb. Other","CT","09","Windham","015","Volatile Organic Compounds","CAP","250.1289290718","TON"
"Fuel Comb. Other","CT","09","Windham","015","PM10 Primary (Filt + Cond)","CAP","249.663522154","TON"
"Off-Highway","CT","09","Tolland","013","Volatile Organic Compounds","CAP","249.2641774855","TON"
"Fuel Comb. Other","CT","09","Windham","015","Nitrogen Oxides","CAP","247.15850208","TON"
"Fuel Comb. Other","CT","09","Windham","015","PM2.5 Primary (Filt + Cond)","CAP","246.897828907","TON"
"Fuel Comb. Other","CT","09","Hartford","003","Ammonia","CAP","245.6809605515","TON"
"Fuel Comb. Industrial","CT","09","New Haven","009","PM10 Primary (Filt + Cond)","CAP","244.4100840255","TON"
"Fuel Comb. Industrial","CT","09","Fairfield","001","PM2.5 Primary (Filt + Cond)","CAP","243.170833181","TON"
"Miscellaneous","CT","09","Litchfield","005","PM2.5 Primary (Filt + Cond)","CAP","239.4381429878","TON"
"Fuel Comb. Industrial","CT","09","New London","011","Carbon Monoxide","CAP","238.309487582","TON"
"Fuel Comb. Elec. Util.","CT","09","Fairfield","001","Sulfur Dioxide","CAP","233.775821334","TON"
"Highway Vehicles","CT","09","Hartford","003","Ammonia","CAP","230.011844711","TON"
"Off-Highway","CT","09","Windham","015","Lead","CAP/HAP","227.18867524","LB"
"Off-Highway","CT","09","Windham","015","Nitrogen Oxides","CAP","221.5225159978","TON"
"Fuel Comb. Industrial","CT","09","Middlesex","007","Carbon Monoxide","CAP","219.1798026325","TON"
"Fuel Comb. Other","CT","09","Fairfield","001","Ammonia","CAP","217.731553189","TON"
"Off-Highway","CT","09","New London","011","Lead","CAP/HAP","216.4612445412","LB"
"Highway Vehicles","CT","09","Fairfield","001","Ammonia","CAP","215.345631812","TON"
"Miscellaneous","CT","09","Fairfield","001","Carbon Monoxide","CAP","214.8843773363","TON"
"Fuel Comb. Industrial","CT","09","New Haven","009","PM2.5 Primary (Filt + Cond)","CAP","212.8711368975","TON"
"Highway Vehicles","CT","09","New Haven","009","Ammonia","CAP","210.5556728014","TON"
"Miscellaneous","CT","09","Fairfield","001","Ammonia","CAP","203.8221314","TON"
"Waste Disposal & Recycling","CT","09","Fairfield","001","Lead","CAP/HAP","203.804842","LB"
"Fuel Comb. Other","CT","09","New Haven","009","Ammonia","CAP","203.619660728","TON"
"Off-Highway","CT","09","Hartford","003","PM10 Primary (Filt + Cond)","CAP","201.372843290488","TON"
"Fuel Comb. Elec. Util.","CT","09","Windham","015","Nitrogen Oxides","CAP","194.6486","TON"
"Miscellaneous","CT","09","New Haven","009","Carbon Monoxide","CAP","192.6354161444","TON"
"Off-Highway","CT","09","Hartford","003","PM2.5 Primary (Filt + Cond)","CAP","190.37706256313","TON"
"Miscellaneous","CT","09","Middlesex","007","Carbon Monoxide","CAP","186.56687958973","TON"
"Off-Highway","CT","09","New Haven","009","PM10 Primary (Filt + Cond)","CAP","179.23598166064","TON"
"Miscellaneous","CT","09","Middlesex","007","Ammonia","CAP","177.61743441","TON"
"Storage & Transport","CT","09","New London","011","Volatile Organic Compounds","CAP","175.71586634","TON"
"Other Industrial Processes","CT","09","Windham","015","PM10 Primary (Filt + Cond)","CAP","169.63904","TON"
"Off-Highway","CT","09","New Haven","009","PM2.5 Primary (Filt + Cond)","CAP","169.44522413671","TON"
"Other Industrial Processes","CT","09","Litchfield","005","Lead","CAP/HAP","165.9872","LB"
"Miscellaneous","CT","09","New London","011","Carbon Monoxide","CAP","165.28331866056","TON"
"Highway Vehicles","CT","09","Fairfield","001","PM2.5 Primary (Filt + Cond)","CAP","163.907409298","TON"
"Miscellaneous","CT","09","Windham","015","PM2.5 Primary (Filt + Cond)","CAP","163.84489861737","TON"
"Highway Vehicles","CT","09","Hartford","003","PM2.5 Primary (Filt + Cond)","CAP","162.4022445009","TON"
"Other Industrial Processes","CT","09","Litchfield","005","PM2.5 Primary (Filt + Cond)","CAP","159.3339089925","TON"
"Storage & Transport","CT","09","Litchfield","005","Volatile Organic Compounds","CAP","157.81600121","TON"
"Waste Disposal & Recycling","CT","09","Hartford","003","Lead","CAP/HAP","152.8549252","LB"
"Off-Highway","CT","09","Tolland","013","Lead","CAP/HAP","152.75656468","LB"
"Miscellaneous","CT","09","Tolland","013","Carbon Monoxide","CAP","151.14930240822","TON"
"Highway Vehicles","CT","09","New Haven","009","PM2.5 Primary (Filt + Cond)","CAP","150.41631014","TON"
"Fuel Comb. Elec. Util.","CT","09","New Haven","009","Nitrogen Oxides","CAP","144.1057866086","TON"
"Fuel Comb. Other","CT","09","New London","011","Sulfur Dioxide","CAP","142.5522647449","TON"
"Fuel Comb. Industrial","CT","09","Litchfield","005","Nitrogen Oxides","CAP","142.2747523","TON"
"Waste Disposal & Recycling","CT","09","New Haven","009","Volatile Organic Compounds","CAP","141.686263015","TON"
"Other Industrial Processes","CT","09","New London","011","PM10 Primary (Filt + Cond)","CAP","140.21135201","TON"
"Fuel Comb. Industrial","CT","09","Litchfield","005","Carbon Monoxide","CAP","138.8152595","TON"
"Miscellaneous","CT","09","Litchfield","005","Volatile Organic Compounds","CAP","138.596810605128","TON"
"Highway Vehicles","CT","09","New London","011","PM10 Primary (Filt + Cond)","CAP","136.0634238945","TON"
"Natural Resources","CT","09","Hartford","003","Nitrogen Oxides","CAP","133.4113","TON"
"Other Industrial Processes","CT","09","New London","011","Carbon Monoxide","CAP","126.240093","TON"
"Miscellaneous","CT","09","Middlesex","007","PM2.5 Primary (Filt + Cond)","CAP","120.34781176385","TON"
"Waste Disposal & Recycling","CT","09","Fairfield","001","Sulfur Dioxide","CAP","119.530643","TON"
"Other Industrial Processes","CT","09","New Haven","009","Volatile Organic Compounds","CAP","118.5187451","TON"
"Other Industrial Processes","CT","09","New London","011","PM2.5 Primary (Filt + Cond)","CAP","117.946852618","TON"
"Fuel Comb. Elec. Util.","CT","09","Windham","015","Carbon Monoxide","CAP","116.1791","TON"
"Miscellaneous","CT","09","Windham","015","Volatile Organic Compounds","CAP","114.927179335578","TON"
"Fuel Comb. Elec. Util.","CT","09","New Haven","009","Carbon Monoxide","CAP","113.3671700381","TON"
"Waste Disposal & Recycling","CT","09","Hartford","003","Sulfur Dioxide","CAP","113.32538868","TON"
"Fuel Comb. Elec. Util.","CT","09","Middlesex","007","Carbon Monoxide","CAP","113.31191975","TON"
"Waste Disposal & Recycling","CT","09","Litchfield","005","Volatile Organic Compounds","CAP","112.962446","TON"
"Fuel Comb. Industrial","CT","09","Windham","015","Carbon Monoxide","CAP","112.772539337","TON"
"Other Industrial Processes","CT","09","Tolland","013","PM10 Primary (Filt + Cond)","CAP","107.270907","TON"
"Fuel Comb. Other","CT","09","Fairfield","001","Lead","CAP/HAP","106.07992025872","LB"
"Off-Highway","CT","09","Litchfield","005","Lead","CAP/HAP","104.73015692","LB"
"Fuel Comb. Other","CT","09","Litchfield","005","Sulfur Dioxide","CAP","102.790731235","TON"
"Fuel Comb. Other","CT","09","Middlesex","007","Sulfur Dioxide","CAP","102.54577789","TON"
"Fuel Comb. Industrial","CT","09","New London","011","PM10 Primary (Filt + Cond)","CAP","102.4727399964","TON"
"Fuel Comb. Other","CT","09","New Haven","009","Lead","CAP/HAP","99.47009454","LB"
"Waste Disposal & Recycling","CT","09","New London","011","Carbon Monoxide","CAP","99.46663","TON"
"Other Industrial Processes","CT","09","Middlesex","007","PM10 Primary (Filt + Cond)","CAP","98.9976947","TON"
"Off-Highway","CT","09","Middlesex","007","Lead","CAP/HAP","98.6507212474","LB"
"Off-Highway","CT","09","New London","011","PM10 Primary (Filt + Cond)","CAP","96.22687779361","TON"
"Other Industrial Processes","CT","09","Litchfield","005","Carbon Monoxide","CAP","94.275888","TON"
"Fuel Comb. Elec. Util.","CT","09","Windham","015","Ammonia","CAP","94.0362176","TON"
"Fuel Comb. Other","CT","09","Hartford","003","Lead","CAP/HAP","92.99711439536","LB"
"Fuel Comb. Elec. Util.","CT","09","Windham","015","PM10 Primary (Filt + Cond)","CAP","91.7295054","TON"
"Fuel Comb. Elec. Util.","CT","09","Windham","015","PM2.5 Primary (Filt + Cond)","CAP","91.7183154","TON"
"Off-Highway","CT","09","New London","011","PM2.5 Primary (Filt + Cond)","CAP","91.66518953424","TON"
"Fuel Comb. Industrial","CT","09","New London","011","PM2.5 Primary (Filt + Cond)","CAP","90.1044406597","TON"
"Waste Disposal & Recycling","CT","09","New London","011","Volatile Organic Compounds","CAP","88.3909652","TON"
"Off-Highway","CT","09","Hartford","003","Sulfur Dioxide","CAP","88.2196774290834","TON"
"Natural Resources","CT","09","Litchfield","005","Nitrogen Oxides","CAP","87.78674","TON"
"Fuel Comb. Industrial","CT","09","Windham","015","Nitrogen Oxides","CAP","85.57767196","TON"
"Other Industrial Processes","CT","09","Middlesex","007","Carbon Monoxide","CAP","82.627296","TON"
"Other Industrial Processes","CT","09","Middlesex","007","PM2.5 Primary (Filt + Cond)","CAP","82.2689512","TON"
"Fuel Comb. Elec. Util.","CT","09","Fairfield","001","Carbon Monoxide","CAP","80.474131835","TON"
"Other Industrial Processes","CT","09","Fairfield","001","Volatile Organic Compounds","CAP","80.084494","TON"
"Highway Vehicles","CT","09","New London","011","Ammonia","CAP","77.8672785458","TON"
"Fuel Comb. Other","CT","09","Tolland","013","Sulfur Dioxide","CAP","76.677540362","TON"
"Highway Vehicles","CT","09","Litchfield","005","PM10 Primary (Filt + Cond)","CAP","75.977683869455","TON"
"Natural Resources","CT","09","New Haven","009","Nitrogen Oxides","CAP","75.82336","TON"
"Highway Vehicles","CT","09","Tolland","013","PM10 Primary (Filt + Cond)","CAP","75.667036837","TON"
"Fuel Comb. Industrial","CT","09","Middlesex","007","PM10 Primary (Filt + Cond)","CAP","75.4053379043","TON"
"Highway Vehicles","CT","09","Middlesex","007","PM10 Primary (Filt + Cond)","CAP","75.15266050554","TON"
"Waste Disposal & Recycling","CT","09","Fairfield","001","Volatile Organic Compounds","CAP","74.450772","TON"
"Highway Vehicles","CT","09","Hartford","003","Sulfur Dioxide","CAP","71.3884834521","TON"
"Waste Disposal & Recycling","CT","09","New Haven","009","Nitrogen Oxides","CAP","71.2935384","TON"
"Natural Resources","CT","09","New London","011","Nitrogen Oxides","CAP","71.23515","TON"
"Other Industrial Processes","CT","09","Hartford","003","Volatile Organic Compounds","CAP","71.1894213","TON"
"Fuel Comb. Industrial","CT","09","Litchfield","005","PM10 Primary (Filt + Cond)","CAP","71.0969553911","TON"
"Fuel Comb. Elec. Util.","CT","09","New London","011","Sulfur Dioxide","CAP","70.1151693743","TON"
"Highway Vehicles","CT","09","Fairfield","001","Sulfur Dioxide","CAP","69.1019669798","TON"
"Highway Vehicles","CT","09","Windham","015","PM10 Primary (Filt + Cond)","CAP","67.53966710471","TON"
"Fuel Comb. Industrial","CT","09","Middlesex","007","PM2.5 Primary (Filt + Cond)","CAP","66.5649623099","TON"
"Fuel Comb. Elec. Util.","CT","09","Middlesex","007","Sulfur Dioxide","CAP","65.5713913428","TON"
"Fuel Comb. Elec. Util.","CT","09","New London","011","Nitrogen Oxides","CAP","65.32983543","TON"
"Highway Vehicles","CT","09","New Haven","009","Sulfur Dioxide","CAP","64.5057714285","TON"
"Storage & Transport","CT","09","Middlesex","007","Volatile Organic Compounds","CAP","64.45792522","TON"
"Miscellaneous","CT","09","New London","011","Volatile Organic Compounds","CAP","63.39916233438","TON"
"Fuel Comb. Other","CT","09","Windham","015","Sulfur Dioxide","CAP","62.938184256","TON"
"Miscellaneous","CT","09","Tolland","013","Volatile Organic Compounds","CAP","62.450041950657","TON"
"Miscellaneous","CT","09","New Haven","009","Volatile Organic Compounds","CAP","62.37507363298","TON"
"Fuel Comb. Industrial","CT","09","Litchfield","005","PM2.5 Primary (Filt + Cond)","CAP","61.9418054298","TON"
"Other Industrial Processes","CT","09","Tolland","013","Carbon Monoxide","CAP","61.42622","TON"
"Miscellaneous","CT","09","Fairfield","001","Volatile Organic Compounds","CAP","61.18196832957","TON"
"Natural Resources","CT","09","Fairfield","001","Nitrogen Oxides","CAP","59.63521","TON"
"Other Industrial Processes","CT","09","Windham","015","PM2.5 Primary (Filt + Cond)","CAP","59.1629283","TON"
"Waste Disposal & Recycling","CT","09","New London","011","Lead","CAP/HAP","57.7016786","LB"
"Natural Resources","CT","09","Windham","015","Nitrogen Oxides","CAP","56.55829","TON"
"Other Industrial Processes","CT","09","Tolland","013","PM2.5 Primary (Filt + Cond)","CAP","56.5095049","TON"
"Storage & Transport","CT","09","Windham","015","Volatile Organic Compounds","CAP","55.69728109","TON"
"Highway Vehicles","CT","09","New London","011","PM2.5 Primary (Filt + Cond)","CAP","55.54460668999","TON"
"Off-Highway","CT","09","Litchfield","005","PM10 Primary (Filt + Cond)","CAP","55.3867721544","TON"
"Natural Resources","CT","09","Tolland","013","Nitrogen Oxides","CAP","55.32138","TON"
"Waste Disposal & Recycling","CT","09","Fairfield","001","Carbon Monoxide","CAP","54.61581","TON"
"Miscellaneous","CT","09","Middlesex","007","Volatile Organic Compounds","CAP","54.385224086399","TON"
"Fuel Comb. Other","CT","09","New London","011","Ammonia","CAP","54.284627233","TON"
"Fuel Comb. Industrial","CT","09","Tolland","013","Nitrogen Oxides","CAP","52.9208746","TON"
"Fuel Comb. Industrial","CT","09","Tolland","013","Carbon Monoxide","CAP","52.633926564","TON"
"Off-Highway","CT","09","Litchfield","005","PM2.5 Primary (Filt + Cond)","CAP","51.9279796421","TON"
"Highway Vehicles","CT","09","Middlesex","007","Ammonia","CAP","50.981915858172","TON"
"Other Industrial Processes","CT","09","Windham","015","Carbon Monoxide","CAP","50.3896249","TON"
"Fuel Comb. Elec. Util.","CT","09","Fairfield","001","Ammonia","CAP","49.43640353","TON"
"Fuel Comb. Other","CT","09","Litchfield","005","Ammonia","CAP","47.554053848","TON"
"Natural Resources","CT","09","Middlesex","007","Nitrogen Oxides","CAP","45.86168","TON"
"Chemical & Allied Product Mfg","CT","09","New London","011","Volatile Organic Compounds","CAP","45.3660568","TON"
"Fuel Comb. Other","CT","09","New London","011","Lead","CAP/HAP","45.184042564","LB"
"Off-Highway","CT","09","Middlesex","007","PM10 Primary (Filt + Cond)","CAP","43.9340370062","TON"
"Chemical & Allied Product Mfg","CT","09","Hartford","003","Volatile Organic Compounds","CAP","43.78216","TON"
"Fuel Comb. Elec. Util.","CT","09","New Haven","009","Sulfur Dioxide","CAP","42.8896630047796","TON"
"Fuel Comb. Industrial","CT","09","Hartford","003","Volatile Organic Compounds","CAP","42.5656814056","TON"
"Waste Disposal & Recycling","CT","09","New Haven","009","Sulfur Dioxide","CAP","41.61828565","TON"
"Off-Highway","CT","09","Middlesex","007","PM2.5 Primary (Filt + Cond)","CAP","41.4527718648","TON"
"Fuel Comb. Elec. Util.","CT","09","New Haven","009","PM10 Primary (Filt + Cond)","CAP","41.0630459147","TON"
"Fuel Comb. Elec. Util.","CT","09","New Haven","009","PM2.5 Primary (Filt + Cond)","CAP","40.8726476986","TON"
"Fuel Comb. Industrial","CT","09","Windham","015","PM10 Primary (Filt + Cond)","CAP","40.1314556525","TON"
"Highway Vehicles","CT","09","Tolland","013","Ammonia","CAP","39.377794408145","TON"
"Waste Disposal & Recycling","CT","09","New Haven","009","Carbon Monoxide","CAP","38.400211","TON"
"Fuel Comb. Industrial","CT","09","Fairfield","001","Volatile Organic Compounds","CAP","38.31691235756","TON"
"Fuel Comb. Elec. Util.","CT","09","New Haven","009","Ammonia","CAP","37.5899901847751946","TON"
"Fuel Comb. Industrial","CT","09","Middlesex","007","Volatile Organic Compounds","CAP","36.7709618159","TON"
"Fuel Comb. Other","CT","09","Tolland","013","Ammonia","CAP","36.612548906","TON"
"Storage & Transport","CT","09","Tolland","013","Volatile Organic Compounds","CAP","35.87316506","TON"
"Waste Disposal & Recycling","CT","09","Fairfield","001","PM10 Primary (Filt + Cond)","CAP","35.78073","TON"
"Highway Vehicles","CT","09","Litchfield","005","Ammonia","CAP","35.696423924199","TON"
"Waste Disposal & Recycling","CT","09","Fairfield","001","PM2.5 Primary (Filt + Cond)","CAP","35.429948","TON"
"Fuel Comb. Industrial","CT","09","Windham","015","PM2.5 Primary (Filt + Cond)","CAP","35.4232355462","TON"
"Waste Disposal & Recycling","CT","09","New London","011","Sulfur Dioxide","CAP","35.3565383","TON"
"Fuel Comb. Industrial","CT","09","Hartford","003","Sulfur Dioxide","CAP","35.243821996515","TON"
"Fuel Comb. Other","CT","09","Middlesex","007","Ammonia","CAP","34.949896397","TON"
"Highway Vehicles","CT","09","Middlesex","007","PM2.5 Primary (Filt + Cond)","CAP","34.13601181335","TON"
"Fuel Comb. Elec. Util.","CT","09","New Haven","009","Volatile Organic Compounds","CAP","33.73819946345","TON"
"Highway Vehicles","CT","09","Windham","015","Ammonia","CAP","33.08857157515","TON"
"Chemical & Allied Product Mfg","CT","09","Windham","015","Volatile Organic Compounds","CAP","32.95556","TON"
"Fuel Comb. Other","CT","09","Litchfield","005","Lead","CAP/HAP","30.875029798","LB"
"Highway Vehicles","CT","09","Tolland","013","PM2.5 Primary (Filt + Cond)","CAP","30.6183561301","TON"
"Highway Vehicles","CT","09","Litchfield","005","PM2.5 Primary (Filt + Cond)","CAP","30.049812184039","TON"
"Fuel Comb. Other","CT","09","Middlesex","007","Lead","CAP/HAP","29.591828458","LB"
"Fuel Comb. Industrial","CT","09","New Haven","009","Volatile Organic Compounds","CAP","28.7842417802","TON"
"Waste Disposal & Recycling","CT","09","Hartford","003","PM10 Primary (Filt + Cond)","CAP","28.61257299","TON"
"Fuel Comb. Industrial","CT","09","Tolland","013","PM10 Primary (Filt + Cond)","CAP","28.5400431934","TON"
"Other Industrial Processes","CT","09","Fairfield","001","Lead","CAP/HAP","27.85","LB"
"Fuel Comb. Industrial","CT","09","Fairfield","001","Sulfur Dioxide","CAP","27.0483554516","TON"
"Fuel Comb. Elec. Util.","CT","09","Fairfield","001","PM10 Primary (Filt + Cond)","CAP","26.776884347","TON"
"Off-Highway","CT","09","Tolland","013","PM10 Primary (Filt + Cond)","CAP","26.6976004775","TON"
"Highway Vehicles","CT","09","Windham","015","PM2.5 Primary (Filt + Cond)","CAP","25.718969396443","TON"
"Waste Disposal & Recycling","CT","09","Hartford","003","PM2.5 Primary (Filt + Cond)","CAP","25.3220698229","TON"
"Off-Highway","CT","09","Tolland","013","PM2.5 Primary (Filt + Cond)","CAP","25.06570846","TON"
"Fuel Comb. Other","CT","09","Windham","015","Ammonia","CAP","24.943828286","TON"
"Fuel Comb. Industrial","CT","09","Tolland","013","PM2.5 Primary (Filt + Cond)","CAP","24.7759095937","TON"
"Fuel Comb. Elec. Util.","CT","09","Middlesex","007","PM10 Primary (Filt + Cond)","CAP","24.7666425295","TON"
"Off-Highway","CT","09","Windham","015","PM10 Primary (Filt + Cond)","CAP","24.239686077978","TON"
"Fuel Comb. Industrial","CT","09","Windham","015","Volatile Organic Compounds","CAP","24.1817431158","TON"
"Fuel Comb. Other","CT","09","Tolland","013","Lead","CAP/HAP","23.98462926","LB"
"Highway Vehicles","CT","09","New London","011","Sulfur Dioxide","CAP","23.92835877229","TON"
"Other Industrial Processes","CT","09","Litchfield","005","Volatile Organic Compounds","CAP","23.90516276","TON"
"Fuel Comb. Elec. Util.","CT","09","Middlesex","007","PM2.5 Primary (Filt + Cond)","CAP","23.6700925298","TON"
"Fuel Comb. Elec. Util.","CT","09","Fairfield","001","PM2.5 Primary (Filt + Cond)","CAP","23.495580997","TON"
"Fuel Comb. Industrial","CT","09","New Haven","009","Sulfur Dioxide","CAP","23.48461626245","TON"
"Miscellaneous","CT","09","Hartford","003","Volatile Organic Compounds","CAP","23.37145709383","TON"
"Off-Highway","CT","09","Windham","015","PM2.5 Primary (Filt + Cond)","CAP","22.475185870378","TON"
"Fuel Comb. Elec. Util.","CT","09","Hartford","003","Nitrogen Oxides","CAP","22.322234","TON"
"Other Industrial Processes","CT","09","Hartford","003","Ammonia","CAP","22.221115","TON"
"Fuel Comb. Elec. Util.","CT","09","Middlesex","007","Ammonia","CAP","21.239478965","TON"
"Fuel Comb. Industrial","CT","09","New London","011","Volatile Organic Compounds","CAP","20.6444385848","TON"
"Fuel Comb. Elec. Util.","CT","09","Hartford","003","Carbon Monoxide","CAP","20.206283565","TON"
"Other Industrial Processes","CT","09","New London","011","Volatile Organic Compounds","CAP","20.08851367","TON"
"Fuel Comb. Industrial","CT","09","Hartford","003","Ammonia","CAP","19.446357865","TON"
"Fuel Comb. Other","CT","09","Windham","015","Lead","CAP/HAP","19.43198075","LB"
"Miscellaneous","CT","09","Hartford","003","Carbon Monoxide","CAP","19.1672651971","TON"
"Waste Disposal & Recycling","CT","09","Litchfield","005","Carbon Monoxide","CAP","16.91699","TON"
"Fuel Comb. Industrial","CT","09","Hartford","003","Lead","CAP/HAP","16.835392612","LB"
"Fuel Comb. Elec. Util.","CT","09","Hartford","003","PM10 Primary (Filt + Cond)","CAP","16.45379836636","TON"
"Fuel Comb. Elec. Util.","CT","09","Hartford","003","PM2.5 Primary (Filt + Cond)","CAP","16.45379836636","TON"
"Waste Disposal & Recycling","CT","09","New London","011","Ammonia","CAP","16.3259126","TON"
"Waste Disposal & Recycling","CT","09","New London","011","PM10 Primary (Filt + Cond)","CAP","15.5893644","TON"
"Highway Vehicles","CT","09","Middlesex","007","Sulfur Dioxide","CAP","15.240091032834","TON"
"Fuel Comb. Industrial","CT","09","Fairfield","001","Lead","CAP/HAP","14.76916814","LB"
"Chemical & Allied Product Mfg","CT","09","New Haven","009","Volatile Organic Compounds","CAP","14.6195373","TON"
"Fuel Comb. Industrial","CT","09","Fairfield","001","Ammonia","CAP","14.051304532","TON"
"Other Industrial Processes","CT","09","Hartford","003","Lead","CAP/HAP","14.0411","LB"
"Fuel Comb. Elec. Util.","CT","09","Windham","015","Volatile Organic Compounds","CAP","13.87098275","TON"
"Other Industrial Processes","CT","09","Middlesex","007","Volatile Organic Compounds","CAP","13.78607875","TON"
"Waste Disposal & Recycling","CT","09","New London","011","PM2.5 Primary (Filt + Cond)","CAP","13.199740799","TON"
"Waste Disposal & Recycling","CT","09","New Haven","009","Ammonia","CAP","12.935835","TON"
"Fuel Comb. Elec. Util.","CT","09","Middlesex","007","Volatile Organic Compounds","CAP","12.891328792","TON"
"Fuel Comb. Elec. Util.","CT","09","New London","011","Carbon Monoxide","CAP","12.890694938","TON"
"Waste Disposal & Recycling","CT","09","Windham","015","Carbon Monoxide","CAP","12.66399","TON"
"Waste Disposal & Recycling","CT","09","Tolland","013","Carbon Monoxide","CAP","12.53699","TON"
"Fuel Comb. Industrial","CT","09","New Haven","009","Ammonia","CAP","12.434386991","TON"
"Highway Vehicles","CT","09","Tolland","013","Sulfur Dioxide","CAP","12.383125104407","TON"
"Fuel Comb. Industrial","CT","09","New Haven","009","Lead","CAP/HAP","12.35887511","LB"
"Highway Vehicles","CT","09","Litchfield","005","Sulfur Dioxide","CAP","11.787209530401","TON"
"Waste Disposal & Recycling","CT","09","Windham","015","Volatile Organic Compounds","CAP","11.433187","TON"
"Fuel Comb. Industrial","CT","09","New London","011","Sulfur Dioxide","CAP","11.1798947871","TON"
"Fuel Comb. Elec. Util.","CT","09","Fairfield","001","Volatile Organic Compounds","CAP","10.683868838","TON"
"Highway Vehicles","CT","09","Windham","015","Sulfur Dioxide","CAP","10.598481031421","TON"
"Off-Highway","CT","09","New Haven","009","Sulfur Dioxide","CAP","10.502281986233","TON"
"Fuel Comb. Elec. Util.","CT","09","Windham","015","Sulfur Dioxide","CAP","10.33703","TON"
"Waste Disposal & Recycling","CT","09","Tolland","013","Volatile Organic Compounds","CAP","9.921037","TON"
"Fuel Comb. Elec. Util.","CT","09","Hartford","003","Ammonia","CAP","9.894008534","TON"
"Waste Disposal & Recycling","CT","09","New Haven","009","Lead","CAP/HAP","9.60824756","LB"
"Waste Disposal & Recycling","CT","09","Middlesex","007","Carbon Monoxide","CAP","9.278998","TON"
"Other Industrial Processes","CT","09","Windham","015","Volatile Organic Compounds","CAP","9.05569883","TON"
"Other Industrial Processes","CT","09","Tolland","013","Volatile Organic Compounds","CAP","8.92743035","TON"
"Waste Disposal & Recycling","CT","09","Middlesex","007","Volatile Organic Compounds","CAP","8.5801732","TON"
"Fuel Comb. Industrial","CT","09","Litchfield","005","Volatile Organic Compounds","CAP","8.3054917865","TON"
"Chemical & Allied Product Mfg","CT","09","Fairfield","001","Volatile Organic Compounds","CAP","8.240431064","TON"
"Fuel Comb. Industrial","CT","09","Middlesex","007","Sulfur Dioxide","CAP","7.8894080395","TON"
"Fuel Comb. Industrial","CT","09","Litchfield","005","Ammonia","CAP","7.39599542","TON"
"Off-Highway","CT","09","Fairfield","001","Sulfur Dioxide","CAP","6.92572700099","TON"
"Miscellaneous","CT","09","Litchfield","005","Nitrogen Oxides","CAP","6.52100434634","TON"
"Fuel Comb. Elec. Util.","CT","09","Middlesex","007","Lead","CAP/HAP","6.352312532","LB"
"Fuel Comb. Industrial","CT","09","Litchfield","005","Sulfur Dioxide","CAP","6.2604743513","TON"
"Fuel Comb. Elec. Util.","CT","09","New London","011","PM10 Primary (Filt + Cond)","CAP","6.10641068","TON"
"Fuel Comb. Elec. Util.","CT","09","New London","011","PM2.5 Primary (Filt + Cond)","CAP","6.09203318","TON"
"Miscellaneous","CT","09","Windham","015","Nitrogen Oxides","CAP","6.05938595393","TON"
"Fuel Comb. Industrial","CT","09","New London","011","Ammonia","CAP","5.99754012","TON"
"Waste Disposal & Recycling","CT","09","Litchfield","005","PM10 Primary (Filt + Cond)","CAP","5.739692","TON"
"Fuel Comb. Elec. Util.","CT","09","New Haven","009","Lead","CAP/HAP","5.68125592","LB"
"Fuel Comb. Elec. Util.","CT","09","Fairfield","001","Lead","CAP/HAP","5.4113852","LB"
"Fuel Comb. Industrial","CT","09","Windham","015","Sulfur Dioxide","CAP","5.3993358019","TON"
"Other Industrial Processes","CT","09","Hartford","003","Nitrogen Oxides","CAP","5.294205","TON"
"Other Industrial Processes","CT","09","Fairfield","001","Nitrogen Oxides","CAP","5.292794","TON"
"Fuel Comb. Elec. Util.","CT","09","Windham","015","Lead","CAP/HAP","5.1359448544","LB"
"Fuel Comb. Industrial","CT","09","Middlesex","007","Ammonia","CAP","5.08724501","TON"
"Other Industrial Processes","CT","09","New Haven","009","Nitrogen Oxides","CAP","4.969797","TON"
"Off-Highway","CT","09","Fairfield","001","Ammonia","CAP","4.772412313593","TON"
"Waste Disposal & Recycling","CT","09","Fairfield","001","Ammonia","CAP","4.7275182","TON"
"Off-Highway","CT","09","New London","011","Sulfur Dioxide","CAP","4.6734523536166","TON"
"Fuel Comb. Industrial","CT","09","New London","011","Lead","CAP/HAP","4.605960284","LB"
"Waste Disposal & Recycling","CT","09","Litchfield","005","PM2.5 Primary (Filt + Cond)","CAP","4.425605","TON"
"Fuel Comb. Elec. Util.","CT","09","Litchfield","005","Nitrogen Oxides","CAP","4.37682","TON"
"Petroleum & Related Industries","CT","09","Fairfield","001","Sulfur Dioxide","CAP","4.301525","TON"
"Waste Disposal & Recycling","CT","09","Windham","015","PM10 Primary (Filt + Cond)","CAP","4.296713","TON"
"Waste Disposal & Recycling","CT","09","Tolland","013","PM10 Primary (Filt + Cond)","CAP","4.253622","TON"
"Miscellaneous","CT","09","Middlesex","007","Nitrogen Oxides","CAP","3.92910200388","TON"
"Miscellaneous","CT","09","Fairfield","001","Nitrogen Oxides","CAP","3.9152104842","TON"
"Miscellaneous","CT","09","New Haven","009","Nitrogen Oxides","CAP","3.8665254464","TON"
"Miscellaneous","CT","09","New London","011","Nitrogen Oxides","CAP","3.74184121569","TON"
"Miscellaneous","CT","09","Hartford","003","Lead","CAP/HAP","3.6729412578","LB"
"Miscellaneous","CT","09","New Haven","009","Lead","CAP/HAP","3.5125324178","LB"
"Miscellaneous","CT","09","Tolland","013","Nitrogen Oxides","CAP","3.48223479572","TON"
"Miscellaneous","CT","09","Litchfield","005","Sulfur Dioxide","CAP","3.44600253807","TON"
"Off-Highway","CT","09","New Haven","009","Ammonia","CAP","3.372688383576","TON"
"Waste Disposal & Recycling","CT","09","Middlesex","007","PM10 Primary (Filt + Cond)","CAP","3.3462066","TON"
"Waste Disposal & Recycling","CT","09","Windham","015","PM2.5 Primary (Filt + Cond)","CAP","3.312992","TON"
"Off-Highway","CT","09","Hartford","003","Ammonia","CAP","3.2948213240786","TON"
"Waste Disposal & Recycling","CT","09","Tolland","013","PM2.5 Primary (Filt + Cond)","CAP","3.279767","TON"
"Miscellaneous","CT","09","Fairfield","001","Lead","CAP/HAP","3.084254494","LB"
"Miscellaneous","CT","09","Windham","015","Sulfur Dioxide","CAP","2.98095127169","TON"
"Fuel Comb. Industrial","CT","09","Tolland","013","Volatile Organic Compounds","CAP","2.9433665863","TON"
"Fuel Comb. Elec. Util.","CT","09","New London","011","Lead","CAP/HAP","2.74724202","LB"
"Waste Disposal & Recycling","CT","09","Middlesex","007","PM2.5 Primary (Filt + Cond)","CAP","2.6675286","TON"
"Fuel Comb. Industrial","CT","09","Tolland","013","Sulfur Dioxide","CAP","2.4443118561","TON"
"Waste Disposal & Recycling","CT","09","New Haven","009","PM10 Primary (Filt + Cond)","CAP","2.42667952","TON"
"Fuel Comb. Industrial","CT","09","Middlesex","007","Lead","CAP/HAP","2.413805284","LB"
"Waste Disposal & Recycling","CT","09","Middlesex","007","Nitrogen Oxides","CAP","2.3789543","TON"
"Fuel Comb. Elec. Util.","CT","09","New London","011","Volatile Organic Compounds","CAP","2.3253655798","TON"
"Other Industrial Processes","CT","09","New London","011","Lead","CAP/HAP","2.282006148","LB"
"Waste Disposal & Recycling","CT","09","New Haven","009","PM2.5 Primary (Filt + Cond)","CAP","2.16465372","TON"
"Fuel Comb. Industrial","CT","09","Windham","015","Ammonia","CAP","2.123882669","TON"
"Fuel Comb. Industrial","CT","09","Litchfield","005","Lead","CAP/HAP","2.107283922","LB"
"Miscellaneous","CT","09","Fairfield","001","Sulfur Dioxide","CAP","2.0920261847","TON"
"Miscellaneous","CT","09","New Haven","009","Sulfur Dioxide","CAP","2.02720315492","TON"
"Off-Highway","CT","09","New London","011","Ammonia","CAP","1.8819643731522","TON"
"Miscellaneous","CT","09","Middlesex","007","Sulfur Dioxide","CAP","1.86605341754","TON"
"Miscellaneous","CT","09","New London","011","Sulfur Dioxide","CAP","1.7625423519","TON"
"Other Industrial Processes","CT","09","New London","011","Nitrogen Oxides","CAP","1.732314","TON"
"Fuel Comb. Elec. Util.","CT","09","New London","011","Ammonia","CAP","1.71888","TON"
"Petroleum & Related Industries","CT","09","Fairfield","001","Volatile Organic Compounds","CAP","1.69577","TON"
"Miscellaneous","CT","09","Tolland","013","Sulfur Dioxide","CAP","1.59880860832","TON"
"Fuel Comb. Elec. Util.","CT","09","Hartford","003","Volatile Organic Compounds","CAP","1.38314973358","TON"
"Fuel Comb. Industrial","CT","09","Windham","015","Lead","CAP/HAP","1.377095196","LB"
"Off-Highway","CT","09","Middlesex","007","Sulfur Dioxide","CAP","1.3684463460361","TON"
"Other Industrial Processes","CT","09","Litchfield","005","Nitrogen Oxides","CAP","1.303934","TON"
"Fuel Comb. Industrial","CT","09","Tolland","013","Ammonia","CAP","1.2679214691","TON"
"Off-Highway","CT","09","Litchfield","005","Sulfur Dioxide","CAP","1.2321599229251","TON"
"Other Industrial Processes","CT","09","New Haven","009","Lead","CAP/HAP","1.17","LB"
"Miscellaneous","CT","09","New London","011","Lead","CAP/HAP","1.1509461688","LB"
"Other Industrial Processes","CT","09","Middlesex","007","Nitrogen Oxides","CAP","1.087284","TON"
"Miscellaneous","CT","09","Hartford","003","Nitrogen Oxides","CAP","1.0436922717","TON"
"Fuel Comb. Industrial","CT","09","Tolland","013","Lead","CAP/HAP","1.031921802","LB"
"Off-Highway","CT","09","Litchfield","005","Ammonia","CAP",".98696857565","TON"
"Waste Disposal & Recycling","CT","09","Litchfield","005","Nitrogen Oxides","CAP",".9364761","TON"
"Other Industrial Processes","CT","09","Tolland","013","Nitrogen Oxides","CAP",".8978822","TON"
"Off-Highway","CT","09","Middlesex","007","Ammonia","CAP",".85857129829","TON"
"Miscellaneous","CT","09","Litchfield","005","Lead","CAP/HAP",".82384756358","LB"
"Off-Highway","CT","09","Windham","015","Sulfur Dioxide","CAP",".778484840054","TON"
"Fuel Comb. Elec. Util.","CT","09","Hartford","003","Sulfur Dioxide","CAP",".7487624631","TON"
"Other Industrial Processes","CT","09","Windham","015","Nitrogen Oxides","CAP",".742898","TON"
"Waste Disposal & Recycling","CT","09","Middlesex","007","Ammonia","CAP",".742079","TON"
"Off-Highway","CT","09","Tolland","013","Sulfur Dioxide","CAP",".7210529311605","TON"
"Miscellaneous","CT","09","Middlesex","007","Lead","CAP/HAP",".71501173114","LB"
"Waste Disposal & Recycling","CT","09","Windham","015","Nitrogen Oxides","CAP",".7010426","TON"
"Waste Disposal & Recycling","CT","09","Tolland","013","Nitrogen Oxides","CAP",".694012","TON"
"Miscellaneous","CT","09","Hartford","003","Sulfur Dioxide","CAP",".59342875535","TON"
"Storage & Transport","CT","09","New London","011","PM2.5 Primary (Filt + Cond)","CAP",".52571935","TON"
"Storage & Transport","CT","09","New London","011","PM10 Primary (Filt + Cond)","CAP",".52571935","TON"
"Storage & Transport","CT","09","Hartford","003","Lead","CAP/HAP",".518470868","LB"
"Miscellaneous","CT","09","Tolland","013","Lead","CAP/HAP",".5022953045","LB"
"Miscellaneous","CT","09","Windham","015","Lead","CAP/HAP",".48296232458","LB"
"Off-Highway","CT","09","Tolland","013","Ammonia","CAP",".4675610484449","TON"
"Storage & Transport","CT","09","Fairfield","001","Lead","CAP/HAP",".443456576","LB"
"Off-Highway","CT","09","Windham","015","Ammonia","CAP",".4058723881432","TON"
"Storage & Transport","CT","09","New Haven","009","Lead","CAP/HAP",".36915046","LB"
"Waste Disposal & Recycling","CT","09","Litchfield","005","Ammonia","CAP",".327691","TON"
"Other Industrial Processes","CT","09","New Haven","009","Ammonia","CAP",".309","TON"
"Solvent Utilization","CT","09","Hartford","003","Lead","CAP/HAP",".2690017807","LB"
"Petroleum & Related Industries","CT","09","Fairfield","001","PM2.5 Primary (Filt + Cond)","CAP",".2651625","TON"
"Petroleum & Related Industries","CT","09","Fairfield","001","PM10 Primary (Filt + Cond)","CAP",".2651625","TON"
"Waste Disposal & Recycling","CT","09","Windham","015","Ammonia","CAP",".254683","TON"
"Fuel Comb. Elec. Util.","CT","09","Hartford","003","Lead","CAP/HAP",".2461431631","LB"
"Waste Disposal & Recycling","CT","09","Tolland","013","Ammonia","CAP",".210743","TON"
"Other Industrial Processes","CT","09","Tolland","013","Lead","CAP/HAP",".21","LB"
"Storage & Transport","CT","09","Windham","015","Lead","CAP/HAP",".198775298","LB"
"Solvent Utilization","CT","09","Fairfield","001","PM2.5 Primary (Filt + Cond)","CAP",".189293924185","TON"
"Solvent Utilization","CT","09","Fairfield","001","PM10 Primary (Filt + Cond)","CAP",".189293924185","TON"
"Storage & Transport","CT","09","New London","011","Lead","CAP/HAP",".183755358","LB"
"Fuel Comb. Elec. Util.","CT","09","Litchfield","005","Lead","CAP/HAP",".1801903","LB"
"Storage & Transport","CT","09","Tolland","013","Lead","CAP/HAP",".133652044","LB"
"Waste Disposal & Recycling","CT","09","Litchfield","005","Sulfur Dioxide","CAP",".1147938","TON"
"Storage & Transport","CT","09","Litchfield","005","Lead","CAP/HAP",".091632078","LB"
"Waste Disposal & Recycling","CT","09","Windham","015","Sulfur Dioxide","CAP",".08593425","TON"
"Storage & Transport","CT","09","Middlesex","007","Lead","CAP/HAP",".085844818","LB"
"Waste Disposal & Recycling","CT","09","Tolland","013","Sulfur Dioxide","CAP",".08507244","TON"
"Waste Disposal & Recycling","CT","09","Middlesex","007","Sulfur Dioxide","CAP",".07823976","TON"
"Solvent Utilization","CT","09","Middlesex","007","Lead","CAP/HAP",".077437","LB"
"Waste Disposal & Recycling","CT","09","Middlesex","007","Lead","CAP/HAP",".05849688","LB"
"Storage & Transport","CT","09","Fairfield","001","PM10 Primary (Filt + Cond)","CAP",".048631464","TON"
"Chemical & Allied Product Mfg","CT","09","New Haven","009","Ammonia","CAP",".04327086","TON"
"Fuel Comb. Elec. Util.","CT","09","Litchfield","005","Carbon Monoxide","CAP",".021224696","TON"
"Chemical & Allied Product Mfg","CT","09","New London","011","PM10 Primary (Filt + Cond)","CAP",".01300788","TON"
"Chemical & Allied Product Mfg","CT","09","New London","011","PM2.5 Primary (Filt + Cond)","CAP",".01300788","TON"
"Storage & Transport","CT","09","Windham","015","PM10 Primary (Filt + Cond)","CAP",".01156935","TON"
"Fuel Comb. Elec. Util.","CT","09","Litchfield","005","Sulfur Dioxide","CAP",".009698418","TON"
"Fuel Comb. Elec. Util.","CT","09","Litchfield","005","Volatile Organic Compounds","CAP",".002655985","TON"
"Solvent Utilization","CT","09","Hartford","003","PM2.5 Primary (Filt + Cond)","CAP",".0023922805209","TON"
"Solvent Utilization","CT","09","Hartford","003","PM10 Primary (Filt + Cond)","CAP",".0023922805209","TON"
"Storage & Transport","CT","09","Windham","015","PM2.5 Primary (Filt + Cond)","CAP",".001928225","TON"
"Solvent Utilization","CT","09","Middlesex","007","PM2.5 Primary (Filt + Cond)","CAP",".0017227252","TON"
"Solvent Utilization","CT","09","Middlesex","007","PM10 Primary (Filt + Cond)","CAP",".0017227252","TON"
"Petroleum & Related Industries","CT","09","New London","011","Volatile Organic Compounds","CAP",".0008148406","TON"
"Fuel Comb. Elec. Util.","CT","09","Litchfield","005","PM10 Primary (Filt + Cond)","CAP",".000540854","TON"
"Fuel Comb. Elec. Util.","CT","09","Litchfield","005","PM2.5 Primary (Filt + Cond)","CAP",".0005354768","TON"
"Solvent Utilization","CT","09","Litchfield","005","PM10 Primary (Filt + Cond)","CAP",".000497134","TON"
"Chemical & Allied Product Mfg","CT","09","New Haven","009","PM10 Primary (Filt + Cond)","CAP",".0003964346","TON"
"Chemical & Allied Product Mfg","CT","09","New Haven","009","PM2.5 Primary (Filt + Cond)","CAP",".0003964346","TON"
"Chemical & Allied Product Mfg","CT","09","Hartford","003","PM2.5 Primary (Filt + Cond)","CAP",".0001298088","TON"
"Chemical & Allied Product Mfg","CT","09","Hartford","003","PM10 Primary (Filt + Cond)","CAP",".0001298088","TON"
"Solvent Utilization","CT","09","Litchfield","005","PM2.5 Primary (Filt + Cond)","CAP",".000004979","TON"
"Solvent Utilization","CT","09","New London","011","Ammonia","CAP","0","TON"
"Solvent Utilization","CT","09","Litchfield","005","Carbon Monoxide","CAP","0","TON"
"Metals Processing","CT","09","Hartford","003","PM2.5 Primary (Filt + Cond)","CAP","0","TON"
"Solvent Utilization","CT","09","New London","011","Sulfur Dioxide","CAP","0","TON"
"Solvent Utilization","CT","09","Litchfield","005","Nitrogen Oxides","CAP","0","TON"
"Metals Processing","CT","09","New Haven","009","Volatile Organic Compounds","CAP","0","TON"
"Metals Processing","CT","09","Hartford","003","Lead","CAP/HAP","0","LB"
"Solvent Utilization","CT","09","Hartford","003","Sulfur Dioxide","CAP","0","TON"
"Chemical & Allied Product Mfg","CT","09","Hartford","003","Carbon Monoxide","CAP","0","TON"
"Storage & Transport","CT","09","New Haven","009","Carbon Monoxide","CAP","0","TON"
"Metals Processing","CT","09","Hartford","003","Sulfur Dioxide","CAP","0","TON"
"Solvent Utilization","CT","09","New London","011","PM10 Primary (Filt + Cond)","CAP","0","TON"
"Solvent Utilization","CT","09","Hartford","003","Ammonia","CAP","0","TON"
"Metals Processing","CT","09","Hartford","003","Volatile Organic Compounds","CAP","0","TON"
"Solvent Utilization","CT","09","Litchfield","005","Ammonia","CAP","0","TON"
"Solvent Utilization","CT","09","Hartford","003","Nitrogen Oxides","CAP","0","TON"
"Storage & Transport","CT","09","Hartford","003","PM10 Primary (Filt + Cond)","CAP","0","TON"
"Metals Processing","CT","09","Hartford","003","Ammonia","CAP","0","TON"
"Storage & Transport","CT","09","Hartford","003","Carbon Monoxide","CAP","0","TON"
"Storage & Transport","CT","09","Hartford","003","Sulfur Dioxide","CAP","0","TON"
"Storage & Transport","CT","09","New Haven","009","PM10 Primary (Filt + Cond)","CAP","0","TON"
"Metals Processing","CT","09","Hartford","003","Carbon Monoxide","CAP","0","TON"
"Metals Processing","CT","09","Hartford","003","Nitrogen Oxides","CAP","0","TON"
"Storage & Transport","CT","09","Fairfield","001","PM2.5 Primary (Filt + Cond)","CAP","0","TON"
"Solvent Utilization","CT","09","New Haven","009","PM2.5 Primary (Filt + Cond)","CAP","0","TON"
"Solvent Utilization","CT","09","New London","011","Nitrogen Oxides","CAP","0","TON"
"Solvent Utilization","CT","09","Fairfield","001","Lead","CAP/HAP","0","LB"
"Solvent Utilization","CT","09","New London","011","Carbon Monoxide","CAP","0","TON"
"Storage & Transport","CT","09","New Haven","009","PM2.5 Primary (Filt + Cond)","CAP","0","TON"
"Solvent Utilization","CT","09","Fairfield","001","Carbon Monoxide","CAP","0","TON"
"Solvent Utilization","CT","09","New London","011","PM2.5 Primary (Filt + Cond)","CAP","0","TON"
"Solvent Utilization","CT","09","Litchfield","005","Sulfur Dioxide","CAP","0","TON"
"Storage & Transport","CT","09","New Haven","009","Ammonia","CAP","0","TON"
"Storage & Transport","CT","09","Hartford","003","Nitrogen Oxides","CAP","0","TON"
"Solvent Utilization","CT","09","Fairfield","001","Nitrogen Oxides","CAP","0","TON"
"Solvent Utilization","CT","09","Fairfield","001","Ammonia","CAP","0","TON"
"Storage & Transport","CT","09","Hartford","003","Ammonia","CAP","0","TON"
"Storage & Transport","CT","09","New Haven","009","Nitrogen Oxides","CAP","0","TON"
"Storage & Transport","CT","09","Hartford","003","PM2.5 Primary (Filt + Cond)","CAP","0","TON"
"Solvent Utilization","CT","09","New Haven","009","PM10 Primary (Filt + Cond)","CAP","0","TON"
"Storage & Transport","CT","09","New Haven","009","Sulfur Dioxide","CAP","0","TON"
"Solvent Utilization","CT","09","Fairfield","001","Sulfur Dioxide","CAP","0","TON"
"Other Industrial Processes","CT","09","Middlesex","007","Lead","CAP/HAP","0","LB"
"Solvent Utilization","CT","09","Hartford","003","Carbon Monoxide","CAP","0","TON"
"Chemical & Allied Product Mfg","CT","09","Hartford","003","Nitrogen Oxides","CAP","0","TON"
"Chemical & Allied Product Mfg","CT","09","Hartford","003","Ammonia","CAP","0","TON"
"Solvent Utilization","CT","09","Litchfield","005","Lead","CAP/HAP","0","LB"
"Solvent Utilization","CT","09","New London","011","Lead","CAP/HAP","0","LB"
"Chemical & Allied Product Mfg","CT","09","Hartford","003","Sulfur Dioxide","CAP","0","TON"
"Metals Processing","CT","09","Hartford","003","PM10 Primary (Filt + Cond)","CAP","0","TON"
"Chemical & Allied Product Mfg","CT","09","Hartford","003","Lead","CAP/HAP","0","LB"